{"Title Only": {"Naive Bayes": {"accuracy": 0.888, "report": {"0": {"precision": 0.8615384615384616, "recall": 0.9180327868852459, "f1-score": 0.8888888888888888, "support": 122.0}, "1": {"precision": 0.9166666666666666, "recall": 0.859375, "f1-score": 0.8870967741935484, "support": 128.0}, "accuracy": 0.888, "macro avg": {"precision": 0.889102564102564, "recall": 0.888703893442623, "f1-score": 0.8879928315412187, "support": 250.0}, "weighted avg": {"precision": 0.8897641025641025, "recall": 0.888, "f1-score": 0.8879713261648745, "support": 250.0}}, "confusion_matrix": [[112, 10], [18, 110]]}, "Logistic Regression": {"accuracy": 0.908, "report": {"0": {"precision": 0.8778625954198473, "recall": 0.9426229508196722, "f1-score": 0.9090909090909091, "support": 122.0}, "1": {"precision": 0.9411764705882353, "recall": 0.875, "f1-score": 0.9068825910931174, "support": 128.0}, "accuracy": 0.908, "macro avg": {"precision": 0.9095195330040413, "recall": 0.9088114754098361, "f1-score": 0.9079867500920132, "support": 250.0}, "weighted avg": {"precision": 0.910279299506062, "recall": 0.908, "f1-score": 0.9079602502760397, "support": 250.0}}, "confusion_matrix": [[115, 7], [16, 112]]}, "Random Forest": {"accuracy": 0.872, "report": {"0": {"precision": 0.8260869565217391, "recall": 0.9344262295081968, "f1-score": 0.8769230769230769, "support": 122.0}, "1": {"precision": 0.9285714285714286, "recall": 0.8125, "f1-score": 0.8666666666666667, "support": 128.0}, "accuracy": 0.872, "macro avg": {"precision": 0.8773291925465838, "recall": 0.8734631147540983, "f1-score": 0.8717948717948718, "support": 250.0}, "weighted avg": {"precision": 0.8785590062111801, "recall": 0.872, "f1-score": 0.8716717948717949, "support": 250.0}}, "confusion_matrix": [[114, 8], [24, 104]]}}, "Description Only": {"Naive Bayes": {"accuracy": 0.98, "report": {"0": {"precision": 0.9606299212598425, "recall": 1.0, "f1-score": 0.9799196787148594, "support": 122.0}, "1": {"precision": 1.0, "recall": 0.9609375, "f1-score": 0.9800796812749004, "support": 128.0}, "accuracy": 0.98, "macro avg": {"precision": 0.9803149606299213, "recall": 0.98046875, "f1-score": 0.9799996799948799, "support": 250.0}, "weighted avg": {"precision": 0.9807874015748032, "recall": 0.98, "f1-score": 0.9800016000256004, "support": 250.0}}, "confusion_matrix": [[122, 0], [5, 123]]}, "Logistic Regression": {"accuracy": 0.996, "report": {"0": {"precision": 0.991869918699187, "recall": 1.0, "f1-score": 0.9959183673469387, "support": 122.0}, "1": {"precision": 1.0, "recall": 0.9921875, "f1-score": 0.996078431372549, "support": 128.0}, "accuracy": 0.996, "macro avg": {"precision": 0.9959349593495934, "recall": 0.99609375, "f1-score": 0.9959983993597439, "support": 250.0}, "weighted avg": {"precision": 0.9960325203252032, "recall": 0.996, "f1-score": 0.9960003201280513, "support": 250.0}}, "confusion_matrix": [[122, 0], [1, 127]]}, "Random Forest": {"accuracy": 1.0, "report": {"0": {"precision": 1.0, "recall": 1.0, "f1-score": 1.0, "support": 122.0}, "1": {"precision": 1.0, "recall": 1.0, "f1-score": 1.0, "support": 128.0}, "accuracy": 1.0, "macro avg": {"precision": 1.0, "recall": 1.0, "f1-score": 1.0, "support": 250.0}, "weighted avg": {"precision": 1.0, "recall": 1.0, "f1-score": 1.0, "support": 250.0}}, "confusion_matrix": [[122, 0], [0, 128]]}}, "Title and Description": {"Naive Bayes": {"accuracy": 0.972, "report": {"0": {"precision": 0.952755905511811, "recall": 0.9918032786885246, "f1-score": 0.9718875502008032, "support": 122.0}, "1": {"precision": 0.991869918699187, "recall": 0.953125, "f1-score": 0.9721115537848606, "support": 128.0}, "accuracy": 0.972, "macro avg": {"precision": 0.972312912105499, "recall": 0.9724641393442623, "f1-score": 0.971999551992832, "support": 250.0}, "weighted avg": {"precision": 0.9727822802637475, "recall": 0.972, "f1-score": 0.9720022400358406, "support": 250.0}}, "confusion_matrix": [[121, 1], [6, 122]]}, "Logistic Regression": {"accuracy": 0.996, "report": {"0": {"precision": 0.991869918699187, "recall": 1.0, "f1-score": 0.9959183673469387, "support": 122.0}, "1": {"precision": 1.0, "recall": 0.9921875, "f1-score": 0.996078431372549, "support": 128.0}, "accuracy": 0.996, "macro avg": {"precision": 0.9959349593495934, "recall": 0.99609375, "f1-score": 0.9959983993597439, "support": 250.0}, "weighted avg": {"precision": 0.9960325203252032, "recall": 0.996, "f1-score": 0.9960003201280513, "support": 250.0}}, "confusion_matrix": [[122, 0], [1, 127]]}, "Random Forest": {"accuracy": 1.0, "report": {"0": {"precision": 1.0, "recall": 1.0, "f1-score": 1.0, "support": 122.0}, "1": {"precision": 1.0, "recall": 1.0, "f1-score": 1.0, "support": 128.0}, "accuracy": 1.0, "macro avg": {"precision": 1.0, "recall": 1.0, "f1-score": 1.0, "support": 250.0}, "weighted avg": {"precision": 1.0, "recall": 1.0, "f1-score": 1.0, "support": 250.0}}, "confusion_matrix": [[122, 0], [0, 128]]}}}