{"Title Only": {"Naive Bayes": {"accuracy": 0.92, "report": {"0": {"precision": 0.9058823529411765, "recall": 0.9506172839506173, "f1-score": 0.927710843373494, "support": 81.0}, "1": {"precision": 0.9384615384615385, "recall": 0.8840579710144928, "f1-score": 0.9104477611940298, "support": 69.0}, "accuracy": 0.92, "macro avg": {"precision": 0.9221719457013575, "recall": 0.9173376274825551, "f1-score": 0.9190793022837619, "support": 150.0}, "weighted avg": {"precision": 0.920868778280543, "recall": 0.92, "f1-score": 0.9197698255709404, "support": 150.0}}, "confusion_matrix": [[77, 4], [8, 61]]}, "Logistic Regression": {"accuracy": 0.9933333333333333, "report": {"0": {"precision": 0.9878048780487805, "recall": 1.0, "f1-score": 0.9938650306748467, "support": 81.0}, "1": {"precision": 1.0, "recall": 0.9855072463768116, "f1-score": 0.9927007299270073, "support": 69.0}, "accuracy": 0.9933333333333333, "macro avg": {"precision": 0.9939024390243902, "recall": 0.9927536231884058, "f1-score": 0.993282880300927, "support": 150.0}, "weighted avg": {"precision": 0.9934146341463413, "recall": 0.9933333333333333, "f1-score": 0.9933294523308405, "support": 150.0}}, "confusion_matrix": [[81, 0], [1, 68]]}, "Random Forest": {"accuracy": 0.9933333333333333, "report": {"0": {"precision": 1.0, "recall": 0.9876543209876543, "f1-score": 0.9937888198757764, "support": 81.0}, "1": {"precision": 0.9857142857142858, "recall": 1.0, "f1-score": 0.9928057553956835, "support": 69.0}, "accuracy": 0.9933333333333333, "macro avg": {"precision": 0.9928571428571429, "recall": 0.9938271604938271, "f1-score": 0.99329728763573, "support": 150.0}, "weighted avg": {"precision": 0.9934285714285715, "recall": 0.9933333333333333, "f1-score": 0.9933366102149338, "support": 150.0}}, "confusion_matrix": [[80, 1], [0, 69]]}}, "Description Only": {"Naive Bayes": {"accuracy": 0.9866666666666667, "report": {"0": {"precision": 0.9876543209876543, "recall": 0.9876543209876543, "f1-score": 0.9876543209876543, "support": 81.0}, "1": {"precision": 0.9855072463768116, "recall": 0.9855072463768116, "f1-score": 0.9855072463768116, "support": 69.0}, "accuracy": 0.9866666666666667, "macro avg": {"precision": 0.9865807836822329, "recall": 0.9865807836822329, "f1-score": 0.9865807836822329, "support": 150.0}, "weighted avg": {"precision": 0.9866666666666667, "recall": 0.9866666666666667, "f1-score": 0.9866666666666667, "support": 150.0}}, "confusion_matrix": [[80, 1], [1, 68]]}, "Logistic Regression": {"accuracy": 0.9933333333333333, "report": {"0": {"precision": 0.9878048780487805, "recall": 1.0, "f1-score": 0.9938650306748467, "support": 81.0}, "1": {"precision": 1.0, "recall": 0.9855072463768116, "f1-score": 0.9927007299270073, "support": 69.0}, "accuracy": 0.9933333333333333, "macro avg": {"precision": 0.9939024390243902, "recall": 0.9927536231884058, "f1-score": 0.993282880300927, "support": 150.0}, "weighted avg": {"precision": 0.9934146341463413, "recall": 0.9933333333333333, "f1-score": 0.9933294523308405, "support": 150.0}}, "confusion_matrix": [[81, 0], [1, 68]]}, "Random Forest": {"accuracy": 1.0, "report": {"0": {"precision": 1.0, "recall": 1.0, "f1-score": 1.0, "support": 81.0}, "1": {"precision": 1.0, "recall": 1.0, "f1-score": 1.0, "support": 69.0}, "accuracy": 1.0, "macro avg": {"precision": 1.0, "recall": 1.0, "f1-score": 1.0, "support": 150.0}, "weighted avg": {"precision": 1.0, "recall": 1.0, "f1-score": 1.0, "support": 150.0}}, "confusion_matrix": [[81, 0], [0, 69]]}}, "Title and Description": {"Naive Bayes": {"accuracy": 0.9866666666666667, "report": {"0": {"precision": 0.9876543209876543, "recall": 0.9876543209876543, "f1-score": 0.9876543209876543, "support": 81.0}, "1": {"precision": 0.9855072463768116, "recall": 0.9855072463768116, "f1-score": 0.9855072463768116, "support": 69.0}, "accuracy": 0.9866666666666667, "macro avg": {"precision": 0.9865807836822329, "recall": 0.9865807836822329, "f1-score": 0.9865807836822329, "support": 150.0}, "weighted avg": {"precision": 0.9866666666666667, "recall": 0.9866666666666667, "f1-score": 0.9866666666666667, "support": 150.0}}, "confusion_matrix": [[80, 1], [1, 68]]}, "Logistic Regression": {"accuracy": 1.0, "report": {"0": {"precision": 1.0, "recall": 1.0, "f1-score": 1.0, "support": 81.0}, "1": {"precision": 1.0, "recall": 1.0, "f1-score": 1.0, "support": 69.0}, "accuracy": 1.0, "macro avg": {"precision": 1.0, "recall": 1.0, "f1-score": 1.0, "support": 150.0}, "weighted avg": {"precision": 1.0, "recall": 1.0, "f1-score": 1.0, "support": 150.0}}, "confusion_matrix": [[81, 0], [0, 69]]}, "Random Forest": {"accuracy": 1.0, "report": {"0": {"precision": 1.0, "recall": 1.0, "f1-score": 1.0, "support": 81.0}, "1": {"precision": 1.0, "recall": 1.0, "f1-score": 1.0, "support": 69.0}, "accuracy": 1.0, "macro avg": {"precision": 1.0, "recall": 1.0, "f1-score": 1.0, "support": 150.0}, "weighted avg": {"precision": 1.0, "recall": 1.0, "f1-score": 1.0, "support": 150.0}}, "confusion_matrix": [[81, 0], [0, 69]]}}}