{"Title Only": {"Naive Bayes": {"accuracy": 0.935, "report": {"0": {"precision": 0.8952380952380953, "recall": 0.9791666666666666, "f1-score": 0.9353233830845771, "support": 96.0}, "1": {"precision": 0.9789473684210527, "recall": 0.8942307692307693, "f1-score": 0.9346733668341709, "support": 104.0}, "accuracy": 0.935, "macro avg": {"precision": 0.937092731829574, "recall": 0.936698717948718, "f1-score": 0.934998374959374, "support": 200.0}, "weighted avg": {"precision": 0.9387669172932331, "recall": 0.935, "f1-score": 0.9349853746343659, "support": 200.0}}, "confusion_matrix": [[94, 2], [11, 93]]}, "Logistic Regression": {"accuracy": 0.99, "report": {"0": {"precision": 0.9795918367346939, "recall": 1.0, "f1-score": 0.9896907216494846, "support": 96.0}, "1": {"precision": 1.0, "recall": 0.9807692307692307, "f1-score": 0.9902912621359223, "support": 104.0}, "accuracy": 0.99, "macro avg": {"precision": 0.9897959183673469, "recall": 0.9903846153846154, "f1-score": 0.9899909918927035, "support": 200.0}, "weighted avg": {"precision": 0.990204081632653, "recall": 0.99, "f1-score": 0.9900030027024322, "support": 200.0}}, "confusion_matrix": [[96, 0], [2, 102]]}, "Random Forest": {"accuracy": 1.0, "report": {"0": {"precision": 1.0, "recall": 1.0, "f1-score": 1.0, "support": 96.0}, "1": {"precision": 1.0, "recall": 1.0, "f1-score": 1.0, "support": 104.0}, "accuracy": 1.0, "macro avg": {"precision": 1.0, "recall": 1.0, "f1-score": 1.0, "support": 200.0}, "weighted avg": {"precision": 1.0, "recall": 1.0, "f1-score": 1.0, "support": 200.0}}, "confusion_matrix": [[96, 0], [0, 104]]}}, "Description Only": {"Naive Bayes": {"accuracy": 0.98, "report": {"0": {"precision": 0.96, "recall": 1.0, "f1-score": 0.9795918367346939, "support": 96.0}, "1": {"precision": 1.0, "recall": 0.9615384615384616, "f1-score": 0.9803921568627451, "support": 104.0}, "accuracy": 0.98, "macro avg": {"precision": 0.98, "recall": 0.9807692307692308, "f1-score": 0.9799919967987194, "support": 200.0}, "weighted avg": {"precision": 0.9808, "recall": 0.98, "f1-score": 0.9800080032012803, "support": 200.0}}, "confusion_matrix": [[96, 0], [4, 100]]}, "Logistic Regression": {"accuracy": 1.0, "report": {"0": {"precision": 1.0, "recall": 1.0, "f1-score": 1.0, "support": 96.0}, "1": {"precision": 1.0, "recall": 1.0, "f1-score": 1.0, "support": 104.0}, "accuracy": 1.0, "macro avg": {"precision": 1.0, "recall": 1.0, "f1-score": 1.0, "support": 200.0}, "weighted avg": {"precision": 1.0, "recall": 1.0, "f1-score": 1.0, "support": 200.0}}, "confusion_matrix": [[96, 0], [0, 104]]}, "Random Forest": {"accuracy": 1.0, "report": {"0": {"precision": 1.0, "recall": 1.0, "f1-score": 1.0, "support": 96.0}, "1": {"precision": 1.0, "recall": 1.0, "f1-score": 1.0, "support": 104.0}, "accuracy": 1.0, "macro avg": {"precision": 1.0, "recall": 1.0, "f1-score": 1.0, "support": 200.0}, "weighted avg": {"precision": 1.0, "recall": 1.0, "f1-score": 1.0, "support": 200.0}}, "confusion_matrix": [[96, 0], [0, 104]]}}, "Title and Description": {"Naive Bayes": {"accuracy": 0.975, "report": {"0": {"precision": 0.9504950495049505, "recall": 1.0, "f1-score": 0.9746192893401016, "support": 96.0}, "1": {"precision": 1.0, "recall": 0.9519230769230769, "f1-score": 0.9753694581280788, "support": 104.0}, "accuracy": 0.975, "macro avg": {"precision": 0.9752475247524752, "recall": 0.9759615384615384, "f1-score": 0.9749943737340903, "support": 200.0}, "weighted avg": {"precision": 0.9762376237623762, "recall": 0.975, "f1-score": 0.9750093771098497, "support": 200.0}}, "confusion_matrix": [[96, 0], [5, 99]]}, "Logistic Regression": {"accuracy": 1.0, "report": {"0": {"precision": 1.0, "recall": 1.0, "f1-score": 1.0, "support": 96.0}, "1": {"precision": 1.0, "recall": 1.0, "f1-score": 1.0, "support": 104.0}, "accuracy": 1.0, "macro avg": {"precision": 1.0, "recall": 1.0, "f1-score": 1.0, "support": 200.0}, "weighted avg": {"precision": 1.0, "recall": 1.0, "f1-score": 1.0, "support": 200.0}}, "confusion_matrix": [[96, 0], [0, 104]]}, "Random Forest": {"accuracy": 1.0, "report": {"0": {"precision": 1.0, "recall": 1.0, "f1-score": 1.0, "support": 96.0}, "1": {"precision": 1.0, "recall": 1.0, "f1-score": 1.0, "support": 104.0}, "accuracy": 1.0, "macro avg": {"precision": 1.0, "recall": 1.0, "f1-score": 1.0, "support": 200.0}, "weighted avg": {"precision": 1.0, "recall": 1.0, "f1-score": 1.0, "support": 200.0}}, "confusion_matrix": [[96, 0], [0, 104]]}}}