{"Title Only": {"Naive Bayes": {"accuracy": 0.88, "report": {"0": {"precision": 0.8461538461538461, "recall": 0.9166666666666666, "f1-score": 0.88, "support": 96.0}, "1": {"precision": 0.9166666666666666, "recall": 0.8461538461538461, "f1-score": 0.88, "support": 104.0}, "accuracy": 0.88, "macro avg": {"precision": 0.8814102564102564, "recall": 0.8814102564102564, "f1-score": 0.88, "support": 200.0}, "weighted avg": {"precision": 0.8828205128205127, "recall": 0.88, "f1-score": 0.88, "support": 200.0}}, "confusion_matrix": [[88, 8], [16, 88]]}, "Logistic Regression": {"accuracy": 0.905, "report": {"0": {"precision": 0.8598130841121495, "recall": 0.9583333333333334, "f1-score": 0.9064039408866995, "support": 96.0}, "1": {"precision": 0.956989247311828, "recall": 0.8557692307692307, "f1-score": 0.9035532994923858, "support": 104.0}, "accuracy": 0.905, "macro avg": {"precision": 0.9084011657119888, "recall": 0.907051282051282, "f1-score": 0.9049786201895427, "support": 200.0}, "weighted avg": {"precision": 0.9103446889759823, "recall": 0.905, "f1-score": 0.9049216073616564, "support": 200.0}}, "confusion_matrix": [[92, 4], [15, 89]]}, "Random Forest": {"accuracy": 0.865, "report": {"0": {"precision": 0.8108108108108109, "recall": 0.9375, "f1-score": 0.8695652173913043, "support": 96.0}, "1": {"precision": 0.9325842696629213, "recall": 0.7980769230769231, "f1-score": 0.8601036269430051, "support": 104.0}, "accuracy": 0.865, "macro avg": {"precision": 0.8716975402368661, "recall": 0.8677884615384616, "f1-score": 0.8648344221671547, "support": 200.0}, "weighted avg": {"precision": 0.8741330094139083, "recall": 0.865, "f1-score": 0.8646451903581888, "support": 200.0}}, "confusion_matrix": [[90, 6], [21, 83]]}}, "Description Only": {"Naive Bayes": {"accuracy": 0.98, "report": {"0": {"precision": 0.96, "recall": 1.0, "f1-score": 0.9795918367346939, "support": 96.0}, "1": {"precision": 1.0, "recall": 0.9615384615384616, "f1-score": 0.9803921568627451, "support": 104.0}, "accuracy": 0.98, "macro avg": {"precision": 0.98, "recall": 0.9807692307692308, "f1-score": 0.9799919967987194, "support": 200.0}, "weighted avg": {"precision": 0.9808, "recall": 0.98, "f1-score": 0.9800080032012803, "support": 200.0}}, "confusion_matrix": [[96, 0], [4, 100]]}, "Logistic Regression": {"accuracy": 1.0, "report": {"0": {"precision": 1.0, "recall": 1.0, "f1-score": 1.0, "support": 96.0}, "1": {"precision": 1.0, "recall": 1.0, "f1-score": 1.0, "support": 104.0}, "accuracy": 1.0, "macro avg": {"precision": 1.0, "recall": 1.0, "f1-score": 1.0, "support": 200.0}, "weighted avg": {"precision": 1.0, "recall": 1.0, "f1-score": 1.0, "support": 200.0}}, "confusion_matrix": [[96, 0], [0, 104]]}, "Random Forest": {"accuracy": 1.0, "report": {"0": {"precision": 1.0, "recall": 1.0, "f1-score": 1.0, "support": 96.0}, "1": {"precision": 1.0, "recall": 1.0, "f1-score": 1.0, "support": 104.0}, "accuracy": 1.0, "macro avg": {"precision": 1.0, "recall": 1.0, "f1-score": 1.0, "support": 200.0}, "weighted avg": {"precision": 1.0, "recall": 1.0, "f1-score": 1.0, "support": 200.0}}, "confusion_matrix": [[96, 0], [0, 104]]}}, "Title and Description": {"Naive Bayes": {"accuracy": 0.965, "report": {"0": {"precision": 0.9405940594059405, "recall": 0.9895833333333334, "f1-score": 0.9644670050761421, "support": 96.0}, "1": {"precision": 0.98989898989899, "recall": 0.9423076923076923, "f1-score": 0.9655172413793104, "support": 104.0}, "accuracy": 0.965, "macro avg": {"precision": 0.9652465246524653, "recall": 0.9659455128205128, "f1-score": 0.9649921232277263, "support": 200.0}, "weighted avg": {"precision": 0.9662326232623262, "recall": 0.965, "f1-score": 0.9650131279537897, "support": 200.0}}, "confusion_matrix": [[95, 1], [6, 98]]}, "Logistic Regression": {"accuracy": 1.0, "report": {"0": {"precision": 1.0, "recall": 1.0, "f1-score": 1.0, "support": 96.0}, "1": {"precision": 1.0, "recall": 1.0, "f1-score": 1.0, "support": 104.0}, "accuracy": 1.0, "macro avg": {"precision": 1.0, "recall": 1.0, "f1-score": 1.0, "support": 200.0}, "weighted avg": {"precision": 1.0, "recall": 1.0, "f1-score": 1.0, "support": 200.0}}, "confusion_matrix": [[96, 0], [0, 104]]}, "Random Forest": {"accuracy": 1.0, "report": {"0": {"precision": 1.0, "recall": 1.0, "f1-score": 1.0, "support": 96.0}, "1": {"precision": 1.0, "recall": 1.0, "f1-score": 1.0, "support": 104.0}, "accuracy": 1.0, "macro avg": {"precision": 1.0, "recall": 1.0, "f1-score": 1.0, "support": 200.0}, "weighted avg": {"precision": 1.0, "recall": 1.0, "f1-score": 1.0, "support": 200.0}}, "confusion_matrix": [[96, 0], [0, 104]]}}}